controller,controller_type,scenario_name,approval_rate_mean,approval_rate_ci_lower,approval_rate_ci_upper,default_rate_mean,default_rate_ci_lower,default_rate_ci_upper,expected_profit_mean,expected_profit_ci_lower,expected_profit_ci_upper,npv_mean,npv_ci_lower,npv_ci_upper,cumulative_reward_mean,cumulative_reward_ci_lower,cumulative_reward_ci_upper,capital_usage_mean_mean,capital_usage_mean_ci_lower,capital_usage_mean_ci_upper,reward_volatility_mean,reward_volatility_ci_lower,reward_volatility_ci_upper,stability_index_mean,stability_index_ci_lower,stability_index_ci_upper,threshold_volatility_mean,threshold_volatility_ci_lower,threshold_volatility_ci_upper,expected_profit_seed_std,cumulative_reward_seed_std
a2c,agent,adverse_stress,0.5185977789102701,0.49053988011923627,0.5453519357838593,0.06995752046814628,0.06483122314478701,0.07633545625231378,300022.1813206803,284465.18921732315,314959.1596904523,293889.5907608306,278626.67690128024,308551.05221974396,367550.584260808,347068.6589882952,386938.4585442403,0.5606493545510839,0.5448506920146153,0.574493567876863,21205.55537370375,19295.434022848996,23520.62184953199,4.8744075354683254e-05,4.429998770813741e-05,5.290867500874208e-05,1.785047185295723,1.5334147093827262,2.0269470260656175,25825.507690662478,32798.93009228731
a2c,agent,base_market,0.5477510589954513,0.5160860453828009,0.5803707371553766,0.05711597401240093,0.05314386353102723,0.06026731029086006,358867.59511009866,328794.0141703265,387715.4501200268,351983.1909587619,322479.5352781245,380392.77469520306,439557.15692238923,403351.5910626005,474543.6316020345,0.5271106302238842,0.504417695964841,0.5493048030481317,30617.90492436659,26566.09560483078,34832.88860021706,3.433169394099519e-05,3.0119303288471954e-05,3.9548210614048135e-05,1.6802790373782512,1.3559458489213612,2.06704476296049,54207.009980292685,65234.11740872574
a2c,agent,class_imbalance_shift,0.5115798876108398,0.47229023139337434,0.5491325699994253,0.05981239294435544,0.05749088313932473,0.06259048544870649,333058.28924760746,309596.66306073987,359096.20266770927,326576.69420696027,303535.11314192164,352103.64296314714,408585.24621875817,380779.98117613303,440011.2054500777,0.48168346351238917,0.4589413530770706,0.5043791955904622,29279.76628655755,24895.289211302683,34301.56413871723,3.646155342781614e-05,3.133397758499635e-05,4.132501311634688e-05,1.8381801507035762,1.401655748121468,2.1203982011900626,44511.52201093611,52742.896274447776
a2c,agent,drift,0.5283584276957984,0.4970934358712047,0.5611554272072318,0.06345129889731767,0.06028112400261292,0.0664536655114836,333458.4825667813,315426.2381163525,355226.8571869871,326870.3034176621,309129.68264207745,348277.88262778544,408421.5803516002,387648.5968621185,433847.45983556035,0.5393960543084374,0.5190590918833946,0.5664435232119196,26729.104341484068,22688.18334172865,31019.963326199275,4.0042942030568976e-05,3.404863860071246e-05,4.579447408678915e-05,1.7639915471996581,1.4580352532380654,2.058198207083414,36226.403722628296,43211.659959361816
a2c,agent,noise,0.5455171277754135,0.5240353439880245,0.564421841210107,0.054312096050716886,0.051613957943858764,0.057668697630383715,368284.858322638,353359.1750040761,380852.8024213741,361340.1673859293,346629.03090388235,373736.4006485402,451951.83146366343,434266.06598573853,466752.5301985113,0.5148216439300057,0.5016018302044875,0.5282047136721888,32238.393413459078,30231.673627737797,34728.77689822527,3.144794880474587e-05,2.940969332953191e-05,3.337573250995809e-05,1.7333928110637815,1.4007918628376503,2.0483733543433367,24948.988539670943,29837.613164761522
a2c,agent,split_policy_dynamics,0.5446160789550674,0.5144022250078466,0.5742150552621768,0.0558145536020651,0.050886835599009625,0.060778376757685985,373418.05619953247,356284.2536512099,394410.6336186905,366349.7841770765,349510.87592223706,386806.2482743402,457756.8895971616,437929.91378520726,481558.2113333504,0.5382273375969824,0.5148100381001948,0.5595908068066868,29085.571409529028,25689.969096905523,32674.65599070593,3.583024117151222e-05,3.207988103447469e-05,3.971114245877822e-05,1.5240574799542521,1.1420183240019528,1.8647651485052632,33131.06546818286,39059.292424531006
a3c,agent,adverse_stress,0.5700975214220708,0.4649808653366498,0.6880773177922878,0.07889008347918604,0.07253289298885654,0.08465206643323286,287112.17731894716,256297.84480568743,320946.44857341243,281043.5153609226,250982.69388423706,313871.3463136261,343607.1809316351,307984.0525731923,378717.2789233619,0.5934317864565194,0.5092827507099638,0.6815482478094357,21815.52401265162,17734.910845078488,26873.348620329714,5.061946102853061e-05,4.360919863692331e-05,5.953552569712881e-05,14.832253481733977,13.494011431354497,16.260605506912384,60122.67607446989,67759.32004855831
a3c,agent,base_market,0.6099223177709082,0.4973109215734647,0.7223891815796698,0.061103889812558466,0.05747912918538896,0.06472910001041837,389042.64461907925,320109.47594173084,458122.9593262087,381576.3572646135,313911.1044944541,449438.1263015075,469172.32339965017,387662.2796225171,550768.2125121945,0.5671932788860389,0.4763478813948936,0.6589157394202703,35715.01272945097,27020.037652746552,44337.76367266135,3.213834517195195e-05,2.6372790413760723e-05,3.8689798604054605e-05,14.887100426754088,13.362415373288295,16.666143900684663,127944.16631971217,151338.7185801305
a3c,agent,class_imbalance_shift,0.5859818619294772,0.47037014689422024,0.7010806547150487,0.06689675729573637,0.06303820625443128,0.07032970161499795,350409.56482207193,288014.96734131686,414587.5800133226,343601.713365251,282362.5379562403,406495.69143927057,421941.9784164997,348824.78405420843,497689.9392028639,0.5288814929484337,0.4449637130445287,0.6125780215794113,32303.997547497653,23807.602166548884,40538.064763215516,3.7484749293218965e-05,2.9644396904169178e-05,4.5532364140845505e-05,14.161360598818012,12.757905317497515,15.658785236725715,118117.034348436,139459.3914757331
a3c,agent,drift,0.5844284214560007,0.4662950436697049,0.6937753966286844,0.06867461108554694,0.06504685257093763,0.0720019959192177,347027.6228408375,284859.54578572494,407699.5788032987,340151.6297920527,279136.2438781203,399682.9105414881,418039.4067655595,344958.4340723976,489157.21682460565,0.5737745699837912,0.47729124013554686,0.663080579852291,30469.891388188127,21501.09961879118,39893.86855978689,4.166641378358689e-05,3.126831502008206e-05,5.35707066665107e-05,13.437266759312543,12.534301978628339,14.554464230063404,113787.90825855224,132971.64123181987
a3c,agent,noise,0.6051280917938902,0.49881915685057565,0.7050045243070838,0.0603049406807667,0.056499557470212076,0.06389599402514995,385685.43875642936,330120.26412906393,444563.7543036542,378400.75751011027,323800.3852490678,436163.149331415,466840.7192332192,401534.81172427913,536332.2751260288,0.5568327986169793,0.47549381885445896,0.6417304622917196,35368.464166307596,28994.748628263067,42951.796364019814,3.120804007170554e-05,2.6071628129252098e-05,3.587605546023449e-05,15.083626316295913,13.514462381389855,17.002690193085723,107240.74843402558,126334.08364423012
a3c,agent,split_policy_dynamics,0.6105935770179769,0.4958261936163378,0.7193543127017039,0.06242453932214421,0.05814488745375722,0.0671220871565745,391834.1943923661,333771.69006886287,446594.1364979058,384351.4454336492,327374.7185972815,438098.0491097337,473054.6572963102,405162.98313784756,537946.8638333889,0.5809398034838312,0.4908311150088933,0.668615078396536,33793.013052213064,26905.006433658007,41604.54906579557,3.346063736295885e-05,2.7491903059294392e-05,3.9260442389813205e-05,15.013031410649711,13.5296203002951,16.74432687151843,109898.51381187594,128794.61590393937
constraint_aware_weekly,baseline,adverse_stress,0.8918066136699335,0.8853820006175409,0.8983857763503424,0.0848061822721196,0.08324988069412889,0.08632742488457346,442388.8518501802,427622.7869444665,452425.565466271,433211.14258351247,418632.9615715861,443086.36438236275,523842.38443902996,505475.1160393647,536189.6228623628,0.8956274106842986,0.8792165188418004,0.9170922425173809,33181.70397365777,30427.293725371594,36196.42604550716,3.110659626172492e-05,2.8207892865029822e-05,3.3883588824940006e-05,8.291088690610964,7.9331104390223715,8.641159210834392,25564.58069148797,31616.55196106097
constraint_aware_weekly,baseline,base_market,0.9608415444558563,0.959147417181088,0.9629439918958324,0.06761393016730959,0.06515995410640728,0.06977190944057651,585825.4069977129,568424.475880314,603516.0633893508,574318.0641811587,557300.8381617231,591674.3515930412,700234.6112268404,678559.1594450576,722195.1483533869,0.8487832102183225,0.8376429993035046,0.8581667651029231,53814.78770895558,51329.083453490246,56269.249018645954,1.8686335351440526e-05,1.7938428136175164e-05,1.9521935699024757e-05,7.102906027811578,6.792851096525569,7.396984200069129,31376.548118429928,38856.09979447326
constraint_aware_weekly,baseline,class_imbalance_shift,0.9496029174650618,0.947260353001777,0.9531998798328312,0.07771723966613252,0.07580306808256053,0.08002869270793705,533107.9795226416,512859.39354980027,551403.1771819857,522336.4309708118,502331.2490758612,540243.9537696239,634972.5641866316,609199.3630122142,657550.3610499607,0.8169673156514063,0.8040756026417516,0.8268080048933145,47390.5067556795,45156.57926455934,50623.869544820365,2.1303773062739683e-05,2.002791856258832e-05,2.2286448725842585e-05,7.884939216794122,7.273737142552019,8.423691012953709,38624.03257504444,48409.33724021719
constraint_aware_weekly,baseline,drift,0.9493753410841258,0.9459435444484244,0.9518772667614647,0.07693629318414903,0.07496543261863611,0.07919205762015448,524417.9946586713,504086.7424894177,538818.5824416827,513991.58521046786,494004.31202292274,528291.1266848152,623026.2507098839,597760.6996482519,640782.9463352809,0.8688904248295307,0.8601463704966228,0.8785076477791339,46489.86048846936,44636.53592522675,48708.950919561314,2.163192302574644e-05,2.0638332237708056e-05,2.2482997883179526e-05,7.497438508965483,7.075866205378614,7.981328413303577,31758.201355954607,39396.32493058116
constraint_aware_weekly,baseline,noise,0.9004930398781896,0.8960403820707887,0.9055201843396935,0.0670311030809394,0.06520247711517739,0.06940874785236782,535834.5831154955,513640.0269886914,560147.4856814543,525338.1373955229,503619.8554743388,549127.5728678177,640951.378713703,613765.874347515,670287.796910042,0.7802277496422251,0.7627743488450168,0.7991789039021087,50900.66049365534,48016.268396708656,54000.12513892123,1.9906196481291434e-05,1.8732878372826513e-05,2.106398598760984e-05,7.418357257574957,7.039792903946479,7.755325914147408,45355.54531979882,55386.049435326415
constraint_aware_weekly,baseline,split_policy_dynamics,0.9526150313973294,0.9503357720344113,0.9549935217406087,0.07297458053849014,0.07054844595606521,0.07572208442405509,577457.0448594531,555437.7453198435,595811.2683841144,565953.4249903066,544229.3949658998,583897.6095619443,689169.7874252173,661976.1091386006,711688.6173524148,0.8615185632504755,0.8514112983180124,0.8716653229075408,49365.75664918716,46603.367390897496,52189.19395922684,2.0409192965163837e-05,1.9312458333788017e-05,2.1570028505014906e-05,7.911840640764479,7.356500511938079,8.495461174081672,36681.87820585875,45098.34583575248
double_dqn,agent,adverse_stress,0.4011708370936577,0.2754084730751245,0.5282804823783956,0.07343884597459577,0.0692514639682722,0.07692407384707477,230768.71116095353,156429.09061935398,306602.01481827244,226061.02092842956,153219.72058684894,300357.3893256885,275578.48762513493,184977.78352104756,369081.51628091896,0.44793303336351364,0.32817602895565273,0.5770501364355728,18043.223288090176,13445.16525848653,23803.46414720252,7.52628724257195e-05,5.434914252946715e-05,9.693140220723338e-05,0.0,0.0,0.0,140127.79550105875,171942.26871169565
double_dqn,agent,base_market,0.4011201296017892,0.2617749805197832,0.5397656614857065,0.06004748863853047,0.05630319246635614,0.06384501280196485,263056.80946403067,173116.77143954273,348383.9255140737,257973.62560686283,169679.37798188202,341722.1318655594,314908.77838044404,202145.11845185384,421882.7207820706,0.3945190844170501,0.2821664321489528,0.5087790491412538,24144.438705549193,16460.448860086937,31505.474202969097,5.958003094367427e-05,4.346194513859288e-05,7.948835782374682e-05,0.0,0.0,0.0,163995.4489854586,201896.2936494887
double_dqn,agent,class_imbalance_shift,0.39129591726907115,0.2613374941950009,0.5210304503841618,0.062081044057172595,0.05843754081064867,0.06570775665318192,248030.6538497026,170244.99596016042,318488.9785793138,243159.31896862868,166914.44677763895,312246.8570966888,296661.8019597998,201104.752002933,385457.84288247465,0.3766225387267165,0.26664690195180707,0.4801641441169958,22631.658362748884,16121.247401052018,29448.17012277539,6.396379057380367e-05,4.5027165283093657e-05,8.713250048644803e-05,0.0,0.0,0.0,147686.67759344034,181796.01635834642
double_dqn,agent,drift,0.38512775439731245,0.24594960277152855,0.5195631678153996,0.06871124022589736,0.06409130810429205,0.07332238272503268,240280.44545678303,149972.51052993245,320504.7221284288,235438.22219625438,146911.5376861054,314172.3473147275,286364.5757799431,174545.62953820807,384562.2800683808,0.40410436645955583,0.28256611578698004,0.5195424016147107,19542.84538621906,12990.125373940278,26209.092083798012,7.139895879431842e-05,5.2351242152941166e-05,9.504356647566688e-05,0.0,0.0,0.0,157930.7930531566,194674.43111473334
double_dqn,agent,noise,0.4399683525947256,0.3239181474913536,0.5561976447395383,0.05292089673915606,0.05095331431065395,0.05499657650291352,303317.70078638993,227840.55944475875,377543.2507203562,297548.1243023838,223536.8024663101,370308.8791510163,367779.127200374,275942.684151826,460268.56201825704,0.420803750835691,0.3234331647442113,0.519251124391084,28079.335742342326,21256.302791735772,35306.905736817105,4.255592940200366e-05,3.307821489526805e-05,5.243639998322779e-05,0.0,0.0,0.0,138149.8211383845,168453.20022748385
double_dqn,agent,split_policy_dynamics,0.3908123670281711,0.250275944902096,0.5288305836812025,0.06056121235776025,0.05788278493290888,0.06349109820899305,267344.46519253246,170785.6370031268,368378.566186485,262255.33129382523,167551.7208325204,361389.0520421664,319878.3617600246,200909.25817492377,444582.2129266256,0.3982360093263058,0.2788111565662065,0.5142291464689044,22732.09119374672,14777.752601980286,31326.748041386647,7.281868602376875e-05,4.9389188653946907e-05,0.0001047112051677978,0.0,0.0,0.0,185351.88748460723,228793.5885462917
dqn,agent,adverse_stress,0.5552798755619545,0.4299365601170811,0.6951946984524066,0.07727222134505242,0.07472981331298839,0.08074989562409998,303337.727721865,235328.49099460358,371086.78456184425,297046.96094357385,230402.25519883982,363461.9305388177,363614.40262766246,281099.86642918765,445925.89565756556,0.5858398573531554,0.46783232160064675,0.7184489840152198,22959.2559126127,17155.59826420189,28933.68737305846,5.856172304690262e-05,4.036485173427514e-05,8.412094384670541e-05,0.0,0.0,0.0,133065.0138106175,161106.05334109557
dqn,agent,base_market,0.5696402755450417,0.4284606259608348,0.7247045015366547,0.06083804985654249,0.05680154445505888,0.06445127031009798,368498.1668155145,288046.97870304936,457534.14474742435,361355.0727662952,282442.8895056307,448639.0493587124,443854.27974206465,344945.59269677737,552566.8770478679,0.5297552871270582,0.41965915997103515,0.646656964517605,33664.24578299945,26144.111495002868,40875.852101502234,3.952330070917645e-05,2.74337491130556e-05,5.340763400605392e-05,0.0,0.0,0.0,160732.5730663533,195942.31400200273
dqn,agent,class_imbalance_shift,0.5643606480624871,0.42670285194075164,0.7136474709627938,0.0670857970418452,0.061512968522840154,0.07182120745599524,339234.6549549096,262707.5540465499,419941.99840647064,332578.25592978246,257529.44504316643,411727.476410046,407331.7883730228,314045.60837783624,504894.9349312752,0.5140089934259916,0.40554764588603837,0.6338785202425006,31099.01845182665,24260.914234602904,37865.529709059236,3.998171064829154e-05,2.9120648020808396e-05,5.284428427182243e-05,0.0,0.0,0.0,155434.30389946702,189544.3439470524
dqn,agent,drift,0.5556148759970302,0.4171240010033082,0.7080296592592146,0.07080725537204251,0.0663236332345883,0.07455974585397893,332791.0214803585,254537.76913921093,425095.16074763105,326078.1556430293,249368.22056776908,416486.57803839043,399559.05297383555,304540.36586837936,511969.03348045464,0.5470422269580015,0.4361678805136036,0.6721256790758284,28100.884590861086,20616.338751907657,35672.28145085285,5.5904927737144356e-05,3.388392028430538e-05,7.97840271708569e-05,0.0,0.0,0.0,161048.02764143964,196790.70868919848
dqn,agent,noise,0.5648563040187515,0.4611383105686237,0.6838844673227952,0.055479071685264635,0.05092600313868493,0.06020456789353105,376768.2647705223,315323.9398536967,441831.72575087775,369625.0530370806,309318.3335089989,433403.40320816525,457398.0552027324,383847.553767982,535011.2520728606,0.5197277131087478,0.43286905041310875,0.6138599412955603,34598.012085978764,28103.05205644252,41402.591684354455,3.366064637638615e-05,2.577504274564106e-05,4.158179745801403e-05,0.0,0.0,0.0,123180.21148341328,148190.61883316768
dqn,agent,split_policy_dynamics,0.5612199906361633,0.4265948041677507,0.7134468023236367,0.06282482174967781,0.05767455473560186,0.06707364818060958,366238.51064948033,279176.7272452456,459812.81955874653,359235.5254981974,273814.8729846963,450976.38443769806,441633.93641812867,335199.5310056877,556173.9609306863,0.5353664066674512,0.425240472113216,0.6573231900267565,31831.896295776492,24314.69773200137,39983.376777730715,3.932105674547981e-05,2.8147198122894704e-05,5.182923387730954e-05,0.0,0.0,0.0,166429.811025055,202753.49809247977
ppo,agent,adverse_stress,0.5575659996197678,0.5536663415941608,0.5619588240078166,0.07173703792655649,0.06818708481385959,0.07485460428830688,325497.4115521174,305953.12534423,347559.79328413587,318887.0247033485,299805.8785524303,340566.47741533315,397805.29234394635,373308.06845716457,425376.8499522127,0.5923760248594997,0.5838310803676988,0.6035009608050661,24378.151080099982,22039.354661661306,26866.221580615704,4.22762981757607e-05,3.7891013837733694e-05,4.6971163351467215e-05,0.0,0.0,0.0,33225.15816549674,41407.38523290872
ppo,agent,base_market,0.5905404291214649,0.5876113066928428,0.5940114189881026,0.05830699225877225,0.05596689130744204,0.06042537737045546,389654.34390121064,378508.8194174018,402564.50342416484,382206.4793031342,371202.3819820307,394959.072814931,476234.64740909473,462272.00612183433,492450.2185524486,0.5572077153878044,0.5524546953095498,0.5620864712274605,34262.49695498728,31999.625383831255,36224.777920242755,2.9609346242502142e-05,2.773888009487928e-05,3.1971888387777835e-05,0.0,0.0,0.0,23139.341786517653,28971.87844143036
ppo,agent,class_imbalance_shift,0.5584705893675898,0.5538924852033313,0.5625428294194246,0.062265924255956194,0.06007023830889158,0.06433373291323624,358004.748854189,344439.89800883573,372330.0326083603,351065.7661659513,337813.6088505164,365049.53311334393,438360.16032267286,421544.5201156616,455954.57641461137,0.5154023283437735,0.5075313197685623,0.524038100174577,31878.74327165513,29858.20732880897,34191.00295739304,3.1850653803385016e-05,2.968067024531616e-05,3.413595521727283e-05,0.0,0.0,0.0,24719.212567512637,30544.679270589688
ppo,agent,drift,0.5669169295882853,0.5642879461479987,0.5702439081513967,0.06487422692164684,0.06267134469044566,0.06691818272550996,356424.12401355215,342641.94861954823,370364.18785888865,349372.93563686236,335799.0883488301,363118.1763871883,435741.8160332832,418498.7128576632,453078.06578176806,0.5676553311596422,0.559515721046936,0.5769504621396006,28940.482372403912,26119.225029204812,31300.565300672253,3.548501432988999e-05,3.2446886215929126e-05,3.924876883444655e-05,0.0,0.0,0.0,26663.240231735566,33271.45397089447
ppo,agent,noise,0.5673427047870588,0.5613639640987493,0.5723733562262542,0.05424885848952962,0.051881908217321054,0.05662050067912213,389200.6823192096,376291.1436435458,400632.5972864477,381868.40254776744,369178.9974576891,393107.0750635922,476968.236297742,461012.44073613745,491161.5697613116,0.5284596467020951,0.5192030634841156,0.536109377689346,34672.76066675934,33437.45710157444,36168.79583534382,2.9069804458990232e-05,2.7822552600022814e-05,3.006703572279885e-05,0.0,0.0,0.0,22504.658108419135,27935.324682075225
ppo,agent,split_policy_dynamics,0.5870203414877261,0.5832403483478807,0.5906163370664592,0.05837272934599954,0.05518871498296352,0.06177353603655572,398297.87380772835,387813.0741202122,410479.17758088,390767.5473158608,380529.69675875077,402705.2294258691,487044.0624226607,473892.8897631601,502207.2522422896,0.5681776397418022,0.5600394495209711,0.5772146917120111,32700.924740038576,31192.823236281733,34170.70978047838,3.079786448514148e-05,2.9512420441006322e-05,3.222847355459984e-05,0.0,0.0,0.0,20156.68774353173,25129.607342947565
profit_oriented,baseline,adverse_stress,0.9002673448242268,0.8959262333553349,0.9041874727082853,0.08542020031664209,0.08370382029600662,0.08706885114677172,442055.94466514327,427338.29165818903,452616.31657169544,432864.78450778243,418316.334351109,443095.9720762762,522732.6791585687,504276.4964470371,535507.9820586573,0.9020532469806941,0.8851689764794066,0.9238964758306897,33341.65070156032,30594.228845320686,36368.40573508748,3.102976835795804e-05,2.824554274637507e-05,3.3848242291541965e-05,8.156223573742592,7.759322592674963,8.496263215637834,25568.536075862587,31583.447240487356
profit_oriented,baseline,base_market,0.9622686672235924,0.9603480490691271,0.9646584934787804,0.06769342422612613,0.06519206849515768,0.06992425236461111,586239.2436694681,568474.7091712912,604436.6292320308,574720.1036946684,557353.7124247048,592575.7921545675,700666.0090507204,678547.4825880806,723266.6747036922,0.8500610189204857,0.8389204248107753,0.8597085006666396,53807.670385370926,51334.961907016965,56211.80898740823,1.8688608870246042e-05,1.7931564695538727e-05,1.9531317194124776e-05,6.8705164275240245,6.375385918643388,7.230954010061275,31949.563608859626,39547.79032962979
profit_oriented,baseline,class_imbalance_shift,0.9519594983790798,0.9497980711942609,0.9543771595508652,0.07784645361735713,0.0759014147718655,0.0802323909358173,533623.2894035177,512770.0591987827,552489.5947652853,522840.19696428714,502226.02519012423,541302.1195127078,635437.4672576276,608555.8244468205,658538.8574317347,0.8187886017266778,0.8063417167639958,0.8283042874059404,47426.008397158526,45199.62040425238,50644.14617337088,2.1287899498232746e-05,2.0028582604814393e-05,2.2284158367743346e-05,7.649201276474943,7.236567042291165,8.112127742148429,39630.55429526047,49696.83936533717
profit_oriented,baseline,drift,0.95210329168712,0.9492976905987659,0.9553989040397525,0.07695064154808108,0.07510481078873481,0.07915025764401991,526083.6154309701,505940.4535503743,541122.4715068623,515630.86389922304,495833.9075614868,530201.6772507445,624955.6821709923,599945.6788707982,643502.6333860789,0.8710599673770657,0.8622035492773558,0.8806692001540504,46813.161779418304,44993.500729154875,48775.08593626091,2.147750690050175e-05,2.0594388455754843e-05,2.2303437930742634e-05,7.263537301083134,6.811170508135504,7.676221804860778,32015.409509564488,39729.6413812184
profit_oriented,baseline,noise,0.9015267729088358,0.8966766376057597,0.9062189735835211,0.0670608719184479,0.0652034073094092,0.069455911256459,536454.6396239857,513944.3785195374,560870.4846329123,525941.646583889,503905.7300253573,549831.8973382002,641657.3870260193,614069.778464571,671072.4983352554,0.7810298306466983,0.7627841754945304,0.8006859547496421,50935.094412902945,48037.649408658544,54047.808277514996,1.989165038932895e-05,1.87049578703387e-05,2.105011047433705e-05,7.446378535120343,7.096678567727837,7.746392032965645,45221.2939885692,55240.34612759809
profit_oriented,baseline,split_policy_dynamics,0.9538608297402976,0.9513314505263634,0.955858962038549,0.07301076709789463,0.0705751223373512,0.07575177081989704,577956.2379501867,555505.2489330451,596505.5996143018,566443.8022016229,544437.0222734106,584583.635881717,689713.0593799275,662424.0361916249,712440.2164645215,0.8626200850061676,0.8527915770619993,0.8725456836867443,49406.49619045429,46600.192287506856,52222.21365544783,2.0393188180656485e-05,1.930222509186677e-05,2.157235760480333e-05,7.726268846921047,7.170264764070689,8.318454350642625,36620.02148321004,45037.9203284047
risk_aware_weekly,baseline,adverse_stress,0.6070823187874459,0.5874761107584329,0.6228971648146072,0.07389138768161889,0.07079406339476028,0.07714646502082785,341282.4766922816,319840.69549017184,360289.5289872273,334170.22066288517,313167.42599364114,352836.8153286754,414379.09977050143,388146.3012300143,437894.2859319946,0.6451071397810272,0.6302733077927098,0.6616802418262896,24421.589933410007,22508.07578170767,27417.19875320738,4.265476625480339e-05,3.817862901237242e-05,4.599087267735604e-05,0.0816496580927726,0.0,0.24494897427831777,39791.022571140784,48893.51699705763
risk_aware_weekly,baseline,base_market,0.6426428748508513,0.6397897953833003,0.64604197187126,0.056735484838201344,0.05362414452363858,0.05853648401387056,429716.7250487338,417574.2583756691,446221.9884253215,421548.06204729463,409542.02355447144,437762.6405971843,523316.10524506867,507908.33028149797,544106.1022399163,0.606305914967108,0.5979005250669,0.6143616898106498,38383.44162746005,36579.93140227511,39964.12533111969,2.62555334826161e-05,2.5065197967840978e-05,2.7671223311048042e-05,0.0,0.0,0.0,25942.29229634488,32573.651052956204
risk_aware_weekly,baseline,class_imbalance_shift,0.597337993387259,0.5817931940354728,0.6075294394504411,0.06088419050703311,0.05803588646015625,0.06380229702454625,391378.60379051976,376984.4573719156,405925.0332827536,383770.27767437557,369548.0986373483,398242.5002680803,477829.6700434927,460597.0109835471,495820.1284609171,0.5604500042776986,0.5498214078350245,0.5700041716909735,32882.483648481386,31196.269400478322,34740.65639254465,3.0696327616205214e-05,2.884922365030919e-05,3.241480301717781e-05,0.05833333333333335,0.0,0.17645833333333288,26652.35963405654,32268.087818047505
risk_aware_weekly,baseline,drift,0.6131113295868378,0.6008849843398683,0.6214972757874844,0.06176276215034652,0.05976544712444236,0.0635174740597096,398114.3690698626,379225.78883443587,411471.11903241836,390477.3716194849,371940.0360460288,403603.02216644667,485404.48484952044,462716.0507743908,502010.82218788663,0.599962974093092,0.5868788475888493,0.6120830473232644,33783.551575334444,31664.558667370573,35855.625154064626,3.0115004269446174e-05,2.803763192889222e-05,3.2691817526479296e-05,0.05833333333333335,0.0,0.17645833333333288,30828.764221317168,37679.458408331884
risk_aware_weekly,baseline,noise,0.6310340074418208,0.6281171443824376,0.633360718218905,0.053589565246563164,0.0521227216342055,0.05518017354978262,431976.37125538103,417992.8668990889,443934.6977807956,423817.4735393157,410102.9887099479,435467.9712582075,526667.0151573912,509372.8913140063,541467.4739629151,0.5984612358807392,0.5872826521532405,0.610454837331241,36091.25799083207,34378.088384660754,37582.13165735956,2.7928128307201938e-05,2.6680262674518264e-05,2.939691896356491e-05,0.0,0.0,0.0,24880.95670981032,30886.906433453118
risk_aware_weekly,baseline,split_policy_dynamics,0.6431285912868941,0.639080024095792,0.6474668231735067,0.05832590069534258,0.056048937404057024,0.060310997339070284,427749.3664779468,416743.60253312025,438450.18186230026,419531.9074476333,408691.53026003105,429996.79069890134,520396.0062791815,506643.06740538386,533496.0533248179,0.6132750009101017,0.6075154622365281,0.6210843323211609,34347.64966065032,32594.211301164254,35950.22574487508,2.9369847264280842e-05,2.8078102158008745e-05,3.0916492585614184e-05,0.0,0.0,0.0,22705.814617867385,28185.106484268556
sac,agent,adverse_stress,0.7611590672458055,0.611652062348061,0.9096013893724774,0.08084398289441487,0.07317493442257064,0.08824606756940108,358777.15416030324,297818.9517626084,408304.9892508845,351138.49804525584,291596.83330331324,399631.0893574706,424364.61672891094,358072.15913812676,481219.81471394375,0.7698254487818991,0.6518090562778099,0.8972291652829315,26233.644653350264,20655.45910355981,32076.574934052427,4.618435691043654e-05,3.5122430171259474e-05,5.822610079872345e-05,0.7266070422460577,0.38841115888678696,1.1633479506967292,106795.60819366094,120277.55115154134
sac,agent,base_market,0.7793616688229524,0.6295403940494124,0.9288685174366128,0.06345541234802492,0.05716601405308212,0.0691012155982966,475470.4666658758,369081.7566327792,563453.153600846,466244.61557693506,361941.4830206326,552550.144504257,570286.597941246,444370.1042801321,672901.9806347813,0.7112893117411949,0.589676623301416,0.8258362411501619,43433.696607602695,32186.412472383025,52227.22384457477,3.0047967114002084e-05,2.1026454789675417e-05,4.073423396972939e-05,0.7563835274321059,0.4395464022741225,1.040293115617908,178519.80199673978,209136.92169661276
sac,agent,class_imbalance_shift,0.7539794039613589,0.588179864725103,0.9188386591443654,0.06707125768512244,0.059248961249650046,0.07349854740837589,435224.8783333891,349012.05421253067,516653.34446820815,426627.7695154653,342162.73286838725,506429.3285410301,519618.2442131108,418193.8489442673,614560.8006800805,0.6674893580924403,0.543065978229591,0.7904595517033773,39466.72418709786,29771.815819340933,47569.746129683226,3.371703239091986e-05,2.3363638889966034e-05,4.6000311723789366e-05,0.6883731610262557,0.31785113019775796,1.0769057254173258,162517.42854794546,190191.59996415244
sac,agent,drift,0.7746199679093914,0.6219421310690214,0.9256945962407662,0.0713144989604029,0.06382455035825568,0.07773596394741682,437552.69466532784,356824.19325952185,517456.34845224285,428782.4405307533,349685.70736883866,507077.31386668753,521773.8254680427,428971.36711893126,614879.6784238674,0.7408512334364586,0.616626401949889,0.8662225005454651,38332.847958180726,28825.367328195724,46477.4359923097,3.5141388971161325e-05,2.396397679093543e-05,4.9525125029824816e-05,0.6695724269955386,0.3331680324199445,0.8801659922867636,151638.79326915552,174835.9558794959
sac,agent,noise,0.7542500419884246,0.6286473697671164,0.8791080097867056,0.06159928930828684,0.05556973028801772,0.06676001758570364,466486.8773298503,390012.2152874666,536386.2822743509,457578.2909963715,382572.42909019894,526148.3948369547,562441.2118732516,473317.60076326807,643724.2032649444,0.6813039215862603,0.5845301267316299,0.7758405158033278,42001.10630614362,34359.05988950279,48975.30451831239,2.718299021363713e-05,2.148049390242379e-05,3.34294503357608e-05,1.243334982313818,0.8766796576584698,1.6368456672074483,140088.64011948256,162585.21876039688
sac,agent,split_policy_dynamics,0.7850400112501004,0.6412242013839746,0.9274969432461541,0.0647905850363167,0.05594351813326976,0.0724121106098946,479231.069333692,402490.6551779551,552204.6352696957,470034.3909089761,394895.2291709677,541704.8679880908,575038.8424966597,486061.54079165915,659071.8493319327,0.7269885566243341,0.6137385071286491,0.8382091258799186,40347.27779848299,32743.49500541076,47739.13389323799,2.9690230569423887e-05,2.2226046295671053e-05,3.770043355922863e-05,0.6607022603955158,0.37472613019775813,0.9210830021815507,141102.92339437208,162235.81855375622
split_policy_static,baseline,adverse_stress,0.6170507979048612,0.6094013779078542,0.6242538010147336,0.07388450490804387,0.07077995370893149,0.0771397543165922,348321.0817765914,328466.85297272174,366551.17143264005,341085.9419524381,321504.76485420717,359099.5011790371,422612.9588106486,397819.7059113815,445799.01414944965,0.6528182322881085,0.6434502701388969,0.6630172562720378,25443.462626140867,22926.016769043876,28468.83359567235,4.1037699868634916e-05,3.650136301657189e-05,4.506269492483799e-05,0.0,0.0,0.0,38637.75328811881,48008.71319142685
split_policy_static,baseline,base_market,0.6426428748508513,0.6397897953833003,0.64604197187126,0.056735484838201344,0.05362414452363858,0.05853648401387056,429716.7250487338,417574.2583756691,446221.9884253215,421548.06204729463,409542.02355447144,437762.6405971843,523316.10524506867,507908.33028149797,544106.1022399163,0.606305914967108,0.5979005250669,0.6143616898106498,38383.44162746005,36579.93140227511,39964.12533111969,2.62555334826161e-05,2.5065197967840978e-05,2.7671223311048042e-05,0.0,0.0,0.0,25942.29229634488,32573.651052956204
split_policy_static,baseline,class_imbalance_shift,0.6036888705802413,0.5999863656754599,0.607688499558759,0.06138067808390374,0.058548189076933314,0.06449198206704941,394368.17173688585,385176.91423045617,405925.0332827536,386705.9837316175,377550.26315876,398242.5002680803,481250.1969709495,469694.41285190685,495820.1284609171,0.5649893124237663,0.5575589802957407,0.5720177449185938,33214.93073052835,31713.660795580563,34740.65639254465,3.0292859908530653e-05,2.884922365030919e-05,3.1732130705429675e-05,0.0,0.0,0.0,20525.662766987185,25415.6675761633
split_policy_static,baseline,drift,0.6195243968966383,0.6163200940962665,0.6219536120567267,0.062125353255170324,0.05989430152664908,0.06421398557315326,401041.88437068416,388839.14580699435,411835.80400092946,393343.3701208694,381361.2341380259,403919.8111595926,488700.6506595712,473483.0015137478,502268.5469283782,0.6047589010810516,0.597994231996569,0.6135998672580428,34102.595519880095,32306.687611437523,35855.625154064626,2.9628075730491205e-05,2.803763192889222e-05,3.1238917179001904e-05,0.0,0.0,0.0,23768.382706140106,29770.16840306109
split_policy_static,baseline,noise,0.6310340074418208,0.6281171443824376,0.633360718218905,0.053589565246563164,0.0521227216342055,0.05518017354978262,431976.37125538103,417992.8668990889,443934.6977807956,423817.4735393157,410102.9887099479,435467.9712582075,526667.0151573912,509372.8913140063,541467.4739629151,0.5984612358807392,0.5872826521532405,0.610454837331241,36091.25799083207,34378.088384660754,37582.13165735956,2.7928128307201938e-05,2.6680262674518264e-05,2.939691896356491e-05,0.0,0.0,0.0,24880.95670981032,30886.906433453118
split_policy_static,baseline,split_policy_dynamics,0.6431285912868941,0.639080024095792,0.6474668231735067,0.05832590069534258,0.056048937404057024,0.060310997339070284,427749.3664779468,416743.60253312025,438450.18186230026,419531.9074476333,408691.53026003105,429996.79069890134,520396.0062791815,506643.06740538386,533496.0533248179,0.6132750009101017,0.6075154622365281,0.6210843323211609,34347.64966065032,32594.211301164254,35950.22574487508,2.9369847264280842e-05,2.8078102158008745e-05,3.0916492585614184e-05,0.0,0.0,0.0,22705.814617867385,28185.106484268556
static_threshold,baseline,adverse_stress,0.6828414547211595,0.6786250061595736,0.6880265202716322,0.07840116475247777,0.0754208728691527,0.08160831036113236,372353.5854874808,353966.09926117177,392799.91632482485,364572.5448446711,346456.4788276238,384684.6132506217,448748.7707954547,426207.7272729246,474272.8382335675,0.7058160991449444,0.6954639542491,0.7167619894622177,27895.04537909603,25849.817606518685,30858.68983645187,3.6818758106057706e-05,3.33371666266908e-05,3.936411224931578e-05,0.0,0.0,0.0,39403.224298344016,48952.06091236028
static_threshold,baseline,base_market,0.7242060997673794,0.7209917783873412,0.7285372617529626,0.060537721945314614,0.057843620602462,0.06228891462751407,473210.3787359887,461304.26207438664,485611.10843403125,464184.13392213633,452402.18801120337,476435.3796652437,573127.8588007346,558214.2186580767,588489.216761241,0.6658390452108507,0.658261608365012,0.6727598749338016,43664.2030560196,41484.43622361159,45705.63505127282,2.3094282977890773e-05,2.1968002715869617e-05,2.4535649736320296e-05,0.0,0.0,0.0,24875.88519057532,31105.217826207845
static_threshold,baseline,class_imbalance_shift,0.697836434590978,0.6939385170627618,0.7028593546831607,0.06591692416164836,0.06314092362062666,0.06884695813672188,441409.90383768507,429063.64704569976,456614.2463061149,432700.0035298025,420492.39582113887,447668.40054514323,534796.7982124921,519439.4303143203,553572.7085319499,0.6346092377813268,0.6271900576245097,0.6414356314122185,37922.38622983234,36345.53836686161,39799.86683985338,2.6564633893394235e-05,2.5261453668965537e-05,2.7781109466238005e-05,0.0,0.0,0.0,27896.796094924488,34642.53659578504
static_threshold,baseline,drift,0.7036744509136715,0.7008341328339555,0.7069962894795442,0.06681219962630648,0.0651863887403841,0.06855058518021742,439299.4909040959,425323.4388116231,452251.0594894094,430772.7004755347,417106.2512993618,443487.4935030697,531948.8428878386,514732.38858486887,548105.0464113186,0.6687070043522358,0.6616147961032923,0.6786155986918997,38486.40935468906,36185.4231607235,40789.91310364497,2.632959257301203e-05,2.464783679544209e-05,2.8036619162106965e-05,0.0,0.0,0.0,24629.40823934267,30730.553274015198
static_threshold,baseline,noise,0.674532009286564,0.6709195944184481,0.6769437858107601,0.056206061845445514,0.05413689738839887,0.058134675724097695,459362.3131662303,442685.43245456624,474149.1461264189,450621.3661029555,434224.7463405522,465058.0301261514,558452.2082223449,538017.2741650624,576234.116133831,0.6287989902637334,0.6166900274782747,0.6418010180287772,39923.9076204526,38093.63105492423,41750.14831875937,2.5278151807811165e-05,2.4025003175463715e-05,2.6540774779481288e-05,0.0,0.0,0.0,28699.728649305405,35180.764999775885
static_threshold,baseline,split_policy_dynamics,0.7181934282023666,0.7132833960970347,0.7220487689188536,0.06270152871762423,0.060851614437159744,0.06438913933981205,468008.31196634093,452501.1427442672,479966.4854693731,458850.4451851872,443464.69329637947,470522.74907842895,566144.0175924808,546633.6056276966,580821.0499166338,0.6673418193593048,0.6614105354292116,0.6751908609859212,38646.024903556194,36604.749250521556,40352.02270992804,2.6078143402537715e-05,2.492352798775864e-05,2.7530054011591724e-05,0.0,0.0,0.0,26161.29154740025,32934.85113977202
